timestamp,SPECIMEN_NUM,status,HV,qEHVI,y1,x1,Dx,y3,yP2,fP3,ecc,gp_hyperparams,note
2026-05-17 04:06:15,40,failed,86.855262,4.532853e+01,2.825632,30.849005,17.413390,4.458391,5.183093,0.686607,0.373009,"obj0: ls=[0.5513, 0.3896, 0.4374, 0.4115, 0.4264, 0.3882, 0.6056] os=0.8594 | obj1: ls=[0.3908, 0.6726, 0.6027, 0.5047, 0.5984, 0.7175, 0.4328] os=0.6882","last_phase=solver rcs={'build': 0, 'solver': 99}"
2026-05-17 04:06:15,41,failed,86.855262,4.532853e+01,2.522377,30.606340,18.482142,5.085240,10.011211,1.762478,0.233962,"obj0: ls=[0.5513, 0.3896, 0.4374, 0.4115, 0.4264, 0.3882, 0.6056] os=0.8594 | obj1: ls=[0.3908, 0.6726, 0.6027, 0.5047, 0.5984, 0.7175, 0.4328] os=0.6882","last_phase=solver rcs={'build': 0, 'solver': 99}"
2026-05-17 04:06:15,42,failed,86.855262,4.532853e+01,2.484394,32.013107,14.341703,4.952363,8.658954,1.023956,0.383375,"obj0: ls=[0.5513, 0.3896, 0.4374, 0.4115, 0.4264, 0.3882, 0.6056] os=0.8594 | obj1: ls=[0.3908, 0.6726, 0.6027, 0.5047, 0.5984, 0.7175, 0.4328] os=0.6882","last_phase=solver rcs={'build': 0, 'solver': 99}"
2026-05-17 07:36:26,40,ok,104.335284,3.813920e+00,2.825651,30.850966,17.411531,4.460282,5.188335,0.687141,0.373183,"obj0: ls=[0.5513, 0.3896, 0.4374, 0.4115, 0.4264, 0.3882, 0.6056] os=0.8594 | obj1: ls=[0.3908, 0.6726, 0.6027, 0.5047, 0.5984, 0.7175, 0.4328] os=0.6882",
2026-05-17 07:36:26,41,ok,104.335284,3.813920e+00,2.518133,30.605894,18.483716,5.082567,10.004321,1.761107,0.233953,"obj0: ls=[0.5513, 0.3896, 0.4374, 0.4115, 0.4264, 0.3882, 0.6056] os=0.8594 | obj1: ls=[0.3908, 0.6726, 0.6027, 0.5047, 0.5984, 0.7175, 0.4328] os=0.6882",
2026-05-17 07:36:26,42,ok,104.335284,3.813920e+00,2.484150,32.015596,14.327013,4.952571,8.662819,1.023906,0.383422,"obj0: ls=[0.5513, 0.3896, 0.4374, 0.4115, 0.4264, 0.3882, 0.6056] os=0.8594 | obj1: ls=[0.3908, 0.6726, 0.6027, 0.5047, 0.5984, 0.7175, 0.4328] os=0.6882",
2026-05-17 10:49:48,43,ok,123.507478,3.698719e+00,3.163259,31.643074,15.140973,5.190781,6.338739,0.757428,0.496636,"obj0: ls=[0.594, 0.4019, 0.4631, 0.424, 0.4575, 0.412, 0.6535] os=0.766 | obj1: ls=[0.4047, 0.7004, 0.6262, 0.5432, 0.6241, 0.7525, 0.4495] os=0.6713",
2026-05-17 10:49:48,44,ok,123.507478,3.698719e+00,3.134538,31.259080,17.500815,5.183620,9.513518,1.403153,0.364486,"obj0: ls=[0.594, 0.4019, 0.4631, 0.424, 0.4575, 0.412, 0.6535] os=0.766 | obj1: ls=[0.4047, 0.7004, 0.6262, 0.5432, 0.6241, 0.7525, 0.4495] os=0.6713",
2026-05-17 10:49:48,45,ok,123.507478,3.698719e+00,2.000000,31.214205,16.827795,4.310163,7.787887,1.073598,0.265209,"obj0: ls=[0.594, 0.4019, 0.4631, 0.424, 0.4575, 0.412, 0.6535] os=0.766 | obj1: ls=[0.4047, 0.7004, 0.6262, 0.5432, 0.6241, 0.7525, 0.4495] os=0.6713",
2026-05-17 14:12:53,46,ok,124.644012,3.387119e+00,4.103595,31.265340,17.857947,5.195313,8.639557,1.240326,0.420449,"obj0: ls=[0.5958, 0.4173, 0.4907, 0.4369, 0.4868, 0.4323, 0.6799] os=0.6999 | obj1: ls=[0.4183, 0.7247, 0.6509, 0.5656, 0.6541, 0.791, 0.475] os=0.6581",
2026-05-17 14:12:53,47,ok,124.644012,3.387119e+00,2.000000,31.389048,17.004658,5.168705,10.330972,1.490510,0.399390,"obj0: ls=[0.5958, 0.4173, 0.4907, 0.4369, 0.4868, 0.4323, 0.6799] os=0.6999 | obj1: ls=[0.4183, 0.7247, 0.6509, 0.5656, 0.6541, 0.791, 0.475] os=0.6581",
2026-05-17 14:12:53,48,ok,124.644012,3.387119e+00,2.748708,31.274240,15.838493,5.599350,9.313403,1.361378,0.276118,"obj0: ls=[0.5958, 0.4173, 0.4907, 0.4369, 0.4868, 0.4323, 0.6799] os=0.6999 | obj1: ls=[0.4183, 0.7247, 0.6509, 0.5656, 0.6541, 0.791, 0.475] os=0.6581",
2026-05-17 17:37:57,49,ok,128.990475,3.342478e+00,2.520879,31.283487,18.071205,5.064030,10.262275,1.573686,0.365526,"obj0: ls=[0.6348, 0.4217, 0.4806, 0.4334, 0.475, 0.4255, 0.6704] os=0.6831 | obj1: ls=[0.441, 0.746, 0.6759, 0.59, 0.6784, 0.8232, 0.4956] os=0.6567",
2026-05-17 17:37:57,50,ok,128.990475,3.342478e+00,2.000000,31.797857,15.696425,4.851410,10.462865,1.406341,0.456269,"obj0: ls=[0.6348, 0.4217, 0.4806, 0.4334, 0.475, 0.4255, 0.6704] os=0.6831 | obj1: ls=[0.441, 0.746, 0.6759, 0.59, 0.6784, 0.8232, 0.4956] os=0.6567",
2026-05-17 17:37:57,51,ok,128.990475,3.342478e+00,2.000000,31.904269,13.119863,4.333684,5.530802,0.521582,0.316992,"obj0: ls=[0.6348, 0.4217, 0.4806, 0.4334, 0.475, 0.4255, 0.6704] os=0.6831 | obj1: ls=[0.441, 0.746, 0.6759, 0.59, 0.6784, 0.8232, 0.4956] os=0.6567",
2026-05-17 20:59:49,52,ok,128.990475,3.216163e+00,2.000000,31.114384,14.349174,5.050875,4.368715,0.555680,0.375219,"obj0: ls=[0.6415, 0.4174, 0.4676, 0.4268, 0.4865, 0.431, 0.6691] os=0.6673 | obj1: ls=[0.4589, 0.7733, 0.7042, 0.6177, 0.6992, 0.8552, 0.5171] os=0.6383",
2026-05-17 20:59:49,53,ok,128.990475,3.216163e+00,2.000000,31.243487,18.229777,5.161332,9.793256,1.487268,0.353305,"obj0: ls=[0.6415, 0.4174, 0.4676, 0.4268, 0.4865, 0.431, 0.6691] os=0.6673 | obj1: ls=[0.4589, 0.7733, 0.7042, 0.6177, 0.6992, 0.8552, 0.5171] os=0.6383",
2026-05-17 20:59:49,54,ok,128.990475,3.216163e+00,2.776126,31.098485,17.620347,5.293793,10.349806,1.568003,0.379742,"obj0: ls=[0.6415, 0.4174, 0.4676, 0.4268, 0.4865, 0.431, 0.6691] os=0.6673 | obj1: ls=[0.4589, 0.7733, 0.7042, 0.6177, 0.6992, 0.8552, 0.5171] os=0.6383",
2026-05-18 00:14:17,55,ok,128.990475,3.071419e+00,2.000000,32.152583,10.697707,4.718026,7.528265,0.850807,0.275696,"obj0: ls=[0.5658, 0.3932, 0.4492, 0.3494, 0.4697, 0.4315, 0.6419] os=0.731 | obj1: ls=[0.4809, 0.7881, 0.7241, 0.6634, 0.7254, 0.8797, 0.5337] os=0.6301",
2026-05-18 00:14:17,56,ok,128.990475,3.071419e+00,2.941598,31.506777,17.488488,4.863578,10.020207,1.544836,0.328674,"obj0: ls=[0.5658, 0.3932, 0.4492, 0.3494, 0.4697, 0.4315, 0.6419] os=0.731 | obj1: ls=[0.4809, 0.7881, 0.7241, 0.6634, 0.7254, 0.8797, 0.5337] os=0.6301",
2026-05-18 00:14:17,57,ok,128.990475,3.071419e+00,2.980819,32.489397,11.707423,4.985179,7.949689,0.691151,0.462991,"obj0: ls=[0.5658, 0.3932, 0.4492, 0.3494, 0.4697, 0.4315, 0.6419] os=0.731 | obj1: ls=[0.4809, 0.7881, 0.7241, 0.6634, 0.7254, 0.8797, 0.5337] os=0.6301",
2026-05-18 03:30:17,58,ok,129.710241,2.991527e+00,2.445975,31.531413,18.176635,4.768500,10.571721,1.703220,0.304498,"obj0: ls=[0.576, 0.4014, 0.4539, 0.3713, 0.4685, 0.4312, 0.6617] os=0.7143 | obj1: ls=[0.4908, 0.8108, 0.7555, 0.687, 0.7493, 0.9053, 0.5523] os=0.6182",
2026-05-18 03:30:17,59,ok,129.710241,2.991527e+00,2.256279,31.285461,16.672222,3.802989,4.850983,0.399980,0.275464,"obj0: ls=[0.576, 0.4014, 0.4539, 0.3713, 0.4685, 0.4312, 0.6617] os=0.7143 | obj1: ls=[0.4908, 0.8108, 0.7555, 0.687, 0.7493, 0.9053, 0.5523] os=0.6182",
2026-05-18 03:30:17,60,ok,129.710241,2.991527e+00,2.893510,31.449971,17.289690,4.973196,9.782391,1.455072,0.363771,"obj0: ls=[0.576, 0.4014, 0.4539, 0.3713, 0.4685, 0.4312, 0.6617] os=0.7143 | obj1: ls=[0.4908, 0.8108, 0.7555, 0.687, 0.7493, 0.9053, 0.5523] os=0.6182",
2026-05-18 06:47:40,61,ok,132.621901,3.042554e+00,2.000000,31.377045,16.989909,4.555274,10.139356,1.724879,0.225984,"obj0: ls=[0.5907, 0.4134, 0.4631, 0.3972, 0.4794, 0.4414, 0.6747] os=0.6847 | obj1: ls=[0.5037, 0.8328, 0.7773, 0.7146, 0.7708, 0.9365, 0.5703] os=0.5999",
2026-05-18 06:47:40,62,ok,132.621901,3.042554e+00,3.328257,31.493531,18.916109,4.758289,10.217027,1.693248,0.313974,"obj0: ls=[0.5907, 0.4134, 0.4631, 0.3972, 0.4794, 0.4414, 0.6747] os=0.6847 | obj1: ls=[0.5037, 0.8328, 0.7773, 0.7146, 0.7708, 0.9365, 0.5703] os=0.5999",
2026-05-18 06:47:40,63,ok,132.621901,3.042554e+00,2.405068,31.504541,17.666871,4.896601,10.411979,1.587052,0.353175,"obj0: ls=[0.5907, 0.4134, 0.4631, 0.3972, 0.4794, 0.4414, 0.6747] os=0.6847 | obj1: ls=[0.5037, 0.8328, 0.7773, 0.7146, 0.7708, 0.9365, 0.5703] os=0.5999",
2026-05-18 10:07:08,64,ok,132.621901,3.004048e+00,2.162790,31.408246,17.022193,4.839531,10.054591,1.701394,0.324216,"obj0: ls=[0.5842, 0.4103, 0.4437, 0.405, 0.4777, 0.4436, 0.7124] os=0.6695 | obj1: ls=[0.5222, 0.8516, 0.8012, 0.7417, 0.7857, 0.9615, 0.5866] os=0.6002",
2026-05-18 10:07:08,65,ok,132.621901,3.004048e+00,2.219727,31.463884,17.279551,4.830771,10.760229,1.545866,0.289459,"obj0: ls=[0.5842, 0.4103, 0.4437, 0.405, 0.4777, 0.4436, 0.7124] os=0.6695 | obj1: ls=[0.5222, 0.8516, 0.8012, 0.7417, 0.7857, 0.9615, 0.5866] os=0.6002",
2026-05-18 10:07:08,66,ok,132.621901,3.004048e+00,2.000000,30.792467,16.164404,4.669003,10.089599,1.780114,0.126672,"obj0: ls=[0.5842, 0.4103, 0.4437, 0.405, 0.4777, 0.4436, 0.7124] os=0.6695 | obj1: ls=[0.5222, 0.8516, 0.8012, 0.7417, 0.7857, 0.9615, 0.5866] os=0.6002",
2026-05-18 13:27:00,67,ok,132.698476,2.769786e+00,2.558432,31.322899,17.678432,4.882900,10.290937,1.513646,0.364341,"obj0: ls=[0.5769, 0.412, 0.4466, 0.4302, 0.4925, 0.4461, 0.7199] os=0.6657 | obj1: ls=[0.5328, 0.8669, 0.8223, 0.753, 0.8069, 0.9933, 0.6089] os=0.5978",
2026-05-18 13:27:00,68,ok,132.698476,2.769786e+00,2.000000,31.215601,18.170475,4.453440,10.561128,1.638026,0.277420,"obj0: ls=[0.5769, 0.412, 0.4466, 0.4302, 0.4925, 0.4461, 0.7199] os=0.6657 | obj1: ls=[0.5328, 0.8669, 0.8223, 0.753, 0.8069, 0.9933, 0.6089] os=0.5978",
2026-05-18 13:27:00,69,ok,132.698476,2.769786e+00,2.549910,31.776439,17.546153,5.014213,10.243676,1.523367,0.349004,"obj0: ls=[0.5769, 0.412, 0.4466, 0.4302, 0.4925, 0.4461, 0.7199] os=0.6657 | obj1: ls=[0.5328, 0.8669, 0.8223, 0.753, 0.8069, 0.9933, 0.6089] os=0.5978",
2026-05-18 16:52:54,70,ok,132.720172,2.827591e+00,2.000000,31.343786,18.063899,4.775076,10.999757,1.778119,0.266011,"obj0: ls=[0.5208, 0.3894, 0.4609, 0.4699, 0.4406, 0.3715, 0.7059] os=0.729 | obj1: ls=[0.5454, 0.8981, 0.8385, 0.7839, 0.8199, 1.0198, 0.6203] os=0.5985",
2026-05-18 16:52:54,71,ok,132.720172,2.827591e+00,2.223248,31.380030,18.088804,4.907858,10.541439,1.654677,0.340031,"obj0: ls=[0.5208, 0.3894, 0.4609, 0.4699, 0.4406, 0.3715, 0.7059] os=0.729 | obj1: ls=[0.5454, 0.8981, 0.8385, 0.7839, 0.8199, 1.0198, 0.6203] os=0.5985",
2026-05-18 16:52:54,72,ok,132.720172,2.827591e+00,4.111266,31.137092,16.848619,5.054556,4.735703,0.724899,0.583193,"obj0: ls=[0.5208, 0.3894, 0.4609, 0.4699, 0.4406, 0.3715, 0.7059] os=0.729 | obj1: ls=[0.5454, 0.8981, 0.8385, 0.7839, 0.8199, 1.0198, 0.6203] os=0.5985",
2026-05-18 20:21:12,73,ok,132.720172,2.776237e+00,2.439715,31.119878,14.329634,4.196282,5.367360,0.906799,0.277227,"obj0: ls=[0.5196, 0.3843, 0.4476, 0.4728, 0.4239, 0.3715, 0.7241] os=0.7256 | obj1: ls=[0.5573, 0.9136, 0.8578, 0.7987, 0.8457, 1.0484, 0.6362] os=0.5979",
2026-05-18 20:21:12,74,ok,132.720172,2.776237e+00,3.115482,31.345652,17.107732,4.960381,9.385661,1.460862,0.345044,"obj0: ls=[0.5196, 0.3843, 0.4476, 0.4728, 0.4239, 0.3715, 0.7241] os=0.7256 | obj1: ls=[0.5573, 0.9136, 0.8578, 0.7987, 0.8457, 1.0484, 0.6362] os=0.5979",
2026-05-18 20:21:12,75,ok,132.720172,2.776237e+00,2.399883,31.414558,17.973072,4.841989,10.366659,1.638339,0.324260,"obj0: ls=[0.5196, 0.3843, 0.4476, 0.4728, 0.4239, 0.3715, 0.7241] os=0.7256 | obj1: ls=[0.5573, 0.9136, 0.8578, 0.7987, 0.8457, 1.0484, 0.6362] os=0.5979",
2026-05-18 23:50:28,76,ok,133.731215,2.701427e+00,2.000000,32.489194,13.287467,4.214179,5.674062,0.008452,0.267595,"obj0: ls=[0.5463, 0.3663, 0.4383, 0.4799, 0.4079, 0.3845, 0.6957] os=0.7434 | obj1: ls=[0.5668, 0.9309, 0.8769, 0.8091, 0.8735, 1.0755, 0.652] os=0.587",
2026-05-18 23:50:28,77,ok,133.731215,2.701427e+00,2.355538,31.424994,17.928642,4.958583,10.381818,1.633142,0.352978,"obj0: ls=[0.5463, 0.3663, 0.4383, 0.4799, 0.4079, 0.3845, 0.6957] os=0.7434 | obj1: ls=[0.5668, 0.9309, 0.8769, 0.8091, 0.8735, 1.0755, 0.652] os=0.587",
2026-05-18 23:50:28,78,ok,133.731215,2.701427e+00,2.000000,31.920331,17.264418,5.084594,7.083982,0.488552,0.409640,"obj0: ls=[0.5463, 0.3663, 0.4383, 0.4799, 0.4079, 0.3845, 0.6957] os=0.7434 | obj1: ls=[0.5668, 0.9309, 0.8769, 0.8091, 0.8735, 1.0755, 0.652] os=0.587",
2026-05-19 03:22:49,79,ok,134.956119,2.881531e+00,2.000000,32.680397,16.678105,5.164112,6.248448,0.439217,0.350373,"obj0: ls=[0.5578, 0.359, 0.4412, 0.4826, 0.4148, 0.4187, 0.7141] os=0.7328 | obj1: ls=[0.5731, 0.9532, 0.8928, 0.8227, 0.888, 1.1264, 0.6609] os=0.5718",
2026-05-19 03:22:49,80,ok,134.956119,2.881531e+00,2.000000,31.692386,16.872325,5.258492,7.503132,0.604465,0.516182,"obj0: ls=[0.5578, 0.359, 0.4412, 0.4826, 0.4148, 0.4187, 0.7141] os=0.7328 | obj1: ls=[0.5731, 0.9532, 0.8928, 0.8227, 0.888, 1.1264, 0.6609] os=0.5718",
2026-05-19 03:22:49,81,ok,134.956119,2.881531e+00,2.000000,31.567976,16.140653,4.655576,7.183899,0.243695,0.325805,"obj0: ls=[0.5578, 0.359, 0.4412, 0.4826, 0.4148, 0.4187, 0.7141] os=0.7328 | obj1: ls=[0.5731, 0.9532, 0.8928, 0.8227, 0.888, 1.1264, 0.6609] os=0.5718",
2026-05-19 06:53:43,82,ok,135.304727,2.743897e+00,2.000000,33.304124,15.098719,4.752248,5.466251,0.373997,0.267856,"obj0: ls=[0.5549, 0.3879, 0.4501, 0.4932, 0.4107, 0.4039, 0.7076] os=0.7389 | obj1: ls=[0.5797, 0.9762, 0.9072, 0.8359, 0.9064, 1.154, 0.6754] os=0.5661",
2026-05-19 06:53:43,83,ok,135.304727,2.743897e+00,2.901879,32.460885,17.108122,5.358521,6.758649,0.617306,0.376765,"obj0: ls=[0.5549, 0.3879, 0.4501, 0.4932, 0.4107, 0.4039, 0.7076] os=0.7389 | obj1: ls=[0.5797, 0.9762, 0.9072, 0.8359, 0.9064, 1.154, 0.6754] os=0.5661",
2026-05-19 06:53:43,84,ok,135.304727,2.743897e+00,2.000000,32.449870,17.412648,4.873176,5.821628,0.504852,0.436856,"obj0: ls=[0.5549, 0.3879, 0.4501, 0.4932, 0.4107, 0.4039, 0.7076] os=0.7389 | obj1: ls=[0.5797, 0.9762, 0.9072, 0.8359, 0.9064, 1.154, 0.6754] os=0.5661",
2026-05-19 10:20:23,85,ok,135.304727,2.520592e+00,2.000000,31.609269,17.773307,4.062099,9.945350,1.510971,0.202656,"obj0: ls=[0.5572, 0.3983, 0.452, 0.493, 0.414, 0.4039, 0.7184] os=0.7435 | obj1: ls=[0.5883, 1.0045, 0.9216, 0.8517, 0.9239, 1.1741, 0.6872] os=0.56",
2026-05-19 10:20:23,86,ok,135.304727,2.520592e+00,2.272175,31.416855,17.972138,4.692263,10.214237,1.632365,0.275232,"obj0: ls=[0.5572, 0.3983, 0.452, 0.493, 0.414, 0.4039, 0.7184] os=0.7435 | obj1: ls=[0.5883, 1.0045, 0.9216, 0.8517, 0.9239, 1.1741, 0.6872] os=0.56",
2026-05-19 10:20:23,87,ok,135.304727,2.520592e+00,2.353655,31.490996,17.791313,4.846671,10.536458,1.649227,0.346905,"obj0: ls=[0.5572, 0.3983, 0.452, 0.493, 0.414, 0.4039, 0.7184] os=0.7435 | obj1: ls=[0.5883, 1.0045, 0.9216, 0.8517, 0.9239, 1.1741, 0.6872] os=0.56",
2026-05-19 13:51:45,88,ok,135.304727,2.671020e+00,2.344085,31.334833,18.054993,4.994551,10.365002,1.626123,0.333508,"obj0: ls=[0.5915, 0.3383, 0.438, 0.3669, 0.4119, 0.3972, 0.5958] os=0.8279 | obj1: ls=[0.5967, 1.0187, 0.934, 0.8792, 0.9422, 1.2, 0.7] os=0.56",
2026-05-19 13:51:45,89,ok,135.304727,2.671020e+00,3.146236,32.399630,10.133602,5.322639,11.287679,1.010117,0.474494,"obj0: ls=[0.5915, 0.3383, 0.438, 0.3669, 0.4119, 0.3972, 0.5958] os=0.8279 | obj1: ls=[0.5967, 1.0187, 0.934, 0.8792, 0.9422, 1.2, 0.7] os=0.56",
2026-05-19 13:51:45,90,ok,135.304727,2.671020e+00,2.000000,29.880953,19.770936,5.172703,10.375924,2.046234,0.286989,"obj0: ls=[0.5915, 0.3383, 0.438, 0.3669, 0.4119, 0.3972, 0.5958] os=0.8279 | obj1: ls=[0.5967, 1.0187, 0.934, 0.8792, 0.9422, 1.2, 0.7] os=0.56",
2026-05-19 17:23:55,91,ok,135.304727,2.504394e+00,2.000000,32.375905,14.730788,5.321668,5.700290,0.235980,0.383207,"obj0: ls=[0.5939, 0.3462, 0.4373, 0.3719, 0.4108, 0.4024, 0.595] os=0.8227 | obj1: ls=[0.6049, 1.0383, 0.9498, 0.8987, 0.9572, 1.2205, 0.7115] os=0.5609",
2026-05-19 17:23:55,92,ok,135.304727,2.504394e+00,2.000000,32.040333,15.733663,5.015832,6.875674,0.632686,0.377263,"obj0: ls=[0.5939, 0.3462, 0.4373, 0.3719, 0.4108, 0.4024, 0.595] os=0.8227 | obj1: ls=[0.6049, 1.0383, 0.9498, 0.8987, 0.9572, 1.2205, 0.7115] os=0.5609",
2026-05-19 17:23:55,93,ok,135.304727,2.504394e+00,2.000000,32.545388,11.390976,4.278307,3.361400,0.000000,0.237488,"obj0: ls=[0.5939, 0.3462, 0.4373, 0.3719, 0.4108, 0.4024, 0.595] os=0.8227 | obj1: ls=[0.6049, 1.0383, 0.9498, 0.8987, 0.9572, 1.2205, 0.7115] os=0.5609",
2026-05-19 20:45:32,94,ok,136.374844,2.478206e+00,2.000000,33.655583,12.022400,3.621495,4.976853,0.075220,0.197132,"obj0: ls=[0.6008, 0.3447, 0.4518, 0.3372, 0.4396, 0.4186, 0.5925] os=0.8197 | obj1: ls=[0.6102, 1.0591, 0.9662, 0.9218, 0.9817, 1.268, 0.7181] os=0.5397",
2026-05-19 20:45:32,95,ok,136.374844,2.478206e+00,2.000000,32.396086,17.191220,4.903725,7.954166,0.722599,0.354295,"obj0: ls=[0.6008, 0.3447, 0.4518, 0.3372, 0.4396, 0.4186, 0.5925] os=0.8197 | obj1: ls=[0.6102, 1.0591, 0.9662, 0.9218, 0.9817, 1.268, 0.7181] os=0.5397",
2026-05-19 20:45:32,96,ok,136.374844,2.478206e+00,2.000000,29.764892,20.919703,4.639020,5.639136,0.665484,0.379353,"obj0: ls=[0.6008, 0.3447, 0.4518, 0.3372, 0.4396, 0.4186, 0.5925] os=0.8197 | obj1: ls=[0.6102, 1.0591, 0.9662, 0.9218, 0.9817, 1.268, 0.7181] os=0.5397",
2026-05-20 00:19:02,97,ok,136.493230,2.775079e+00,2.000000,31.513801,16.375991,5.203749,6.423865,0.527669,0.407388,"obj0: ls=[0.5864, 0.3801, 0.46, 0.4388, 0.3005, 0.35, 0.6135] os=0.8709 | obj1: ls=[0.614, 1.088, 0.9902, 0.9363, 0.9955, 1.2897, 0.7251] os=0.5212",
2026-05-20 00:19:02,98,ok,136.493230,2.775079e+00,2.000000,30.421538,18.525723,5.163530,5.897820,0.515925,0.396255,"obj0: ls=[0.5864, 0.3801, 0.46, 0.4388, 0.3005, 0.35, 0.6135] os=0.8709 | obj1: ls=[0.614, 1.088, 0.9902, 0.9363, 0.9955, 1.2897, 0.7251] os=0.5212",
2026-05-20 00:19:02,99,ok,136.493230,2.775079e+00,2.000000,31.234677,18.389295,4.954378,10.444496,1.657855,0.337999,"obj0: ls=[0.5864, 0.3801, 0.46, 0.4388, 0.3005, 0.35, 0.6135] os=0.8709 | obj1: ls=[0.614, 1.088, 0.9902, 0.9363, 0.9955, 1.2897, 0.7251] os=0.5212",
2026-05-20 03:49:16,100,ok,136.493230,2.662766e+00,2.181027,31.323404,18.061027,5.003656,10.312256,1.615479,0.358681,"obj0: ls=[0.5949, 0.421, 0.4857, 0.4547, 0.2963, 0.3457, 0.6056] os=0.8588 | obj1: ls=[0.6229, 1.1145, 1.0107, 0.9511, 1.0101, 1.3068, 0.7319] os=0.5208",
2026-05-20 03:49:16,101,ok,136.493230,2.662766e+00,2.000000,30.530423,13.489875,4.303606,4.039263,0.000000,0.268396,"obj0: ls=[0.5949, 0.421, 0.4857, 0.4547, 0.2963, 0.3457, 0.6056] os=0.8588 | obj1: ls=[0.6229, 1.1145, 1.0107, 0.9511, 1.0101, 1.3068, 0.7319] os=0.5208",
2026-05-20 03:49:16,102,ok,136.493230,2.662766e+00,2.177309,31.252484,18.324342,4.919032,10.517480,1.665193,0.319222,"obj0: ls=[0.5949, 0.421, 0.4857, 0.4547, 0.2963, 0.3457, 0.6056] os=0.8588 | obj1: ls=[0.6229, 1.1145, 1.0107, 0.9511, 1.0101, 1.3068, 0.7319] os=0.5208",
2026-05-20 07:21:56,103,ok,136.493230,2.834213e+00,2.000000,30.567984,20.126833,4.526306,5.266637,0.470164,0.442438,"obj0: ls=[0.5313, 0.2996, 0.4444, 0.3635, 0.3603, 0.3871, 0.4147] os=0.9684 | obj1: ls=[0.6368, 1.1297, 1.023, 0.9728, 1.0211, 1.3287, 0.7461] os=0.5072",
2026-05-20 07:21:56,104,ok,136.493230,2.834213e+00,3.762170,29.731858,20.992704,4.800959,5.765623,0.731739,0.463849,"obj0: ls=[0.5313, 0.2996, 0.4444, 0.3635, 0.3603, 0.3871, 0.4147] os=0.9684 | obj1: ls=[0.6368, 1.1297, 1.023, 0.9728, 1.0211, 1.3287, 0.7461] os=0.5072",
2026-05-20 07:21:56,105,ok,136.493230,2.834213e+00,2.000000,29.951148,17.832741,4.833862,6.755676,0.865450,0.438868,"obj0: ls=[0.5313, 0.2996, 0.4444, 0.3635, 0.3603, 0.3871, 0.4147] os=0.9684 | obj1: ls=[0.6368, 1.1297, 1.023, 0.9728, 1.0211, 1.3287, 0.7461] os=0.5072",
2026-05-20 10:45:15,106,ok,136.493230,2.772220e+00,3.459563,31.246272,17.593609,5.170299,6.138657,0.532407,0.419382,"obj0: ls=[0.532, 0.3081, 0.4477, 0.3758, 0.3544, 0.3773, 0.4314] os=0.9736 | obj1: ls=[0.6446, 1.1512, 1.0395, 0.9825, 1.0341, 1.3497, 0.757] os=0.507",
2026-05-20 10:45:15,107,ok,136.493230,2.772220e+00,4.472337,29.290282,21.526455,4.711901,5.353788,0.790846,0.481582,"obj0: ls=[0.532, 0.3081, 0.4477, 0.3758, 0.3544, 0.3773, 0.4314] os=0.9736 | obj1: ls=[0.6446, 1.1512, 1.0395, 0.9825, 1.0341, 1.3497, 0.757] os=0.507",
2026-05-20 10:45:15,108,ok,136.493230,2.772220e+00,3.512530,30.038943,21.354773,5.072285,5.582984,0.731392,0.391807,"obj0: ls=[0.532, 0.3081, 0.4477, 0.3758, 0.3544, 0.3773, 0.4314] os=0.9736 | obj1: ls=[0.6446, 1.1512, 1.0395, 0.9825, 1.0341, 1.3497, 0.757] os=0.507",
2026-05-20 14:07:23,109,ok,136.493230,2.816311e+00,2.000000,30.878647,14.267783,4.508049,10.285623,1.670513,0.272645,"obj0: ls=[0.5711, 0.3277, 0.4558, 0.3594, 0.3544, 0.3761, 0.4169] os=0.9664 | obj1: ls=[0.6587, 1.1676, 1.0561, 0.9952, 1.0435, 1.3655, 0.7681] os=0.5088",
2026-05-20 14:07:23,110,ok,136.493230,2.816311e+00,3.181927,29.135447,21.561824,4.583328,5.472441,0.774908,0.488595,"obj0: ls=[0.5711, 0.3277, 0.4558, 0.3594, 0.3544, 0.3761, 0.4169] os=0.9664 | obj1: ls=[0.6587, 1.1676, 1.0561, 0.9952, 1.0435, 1.3655, 0.7681] os=0.5088",
2026-05-20 14:07:23,111,ok,136.493230,2.816311e+00,4.792474,29.641893,20.090310,4.654216,5.735753,0.701475,0.491007,"obj0: ls=[0.5711, 0.3277, 0.4558, 0.3594, 0.3544, 0.3761, 0.4169] os=0.9664 | obj1: ls=[0.6587, 1.1676, 1.0561, 0.9952, 1.0435, 1.3655, 0.7681] os=0.5088",
2026-05-20 17:38:28,112,ok,136.493230,2.715041e+00,2.916231,31.353035,16.519066,5.142672,9.696217,1.405552,0.378129,"obj0: ls=[0.605, 0.3487, 0.4927, 0.3547, 0.3442, 0.3667, 0.4142] os=0.9545 | obj1: ls=[0.6695, 1.1866, 1.0805, 1.005, 1.0528, 1.381, 0.7756] os=0.5086",
2026-05-20 17:38:28,113,ok,136.493230,2.715041e+00,2.855075,31.649212,15.699690,4.948230,6.449368,0.522239,0.420242,"obj0: ls=[0.605, 0.3487, 0.4927, 0.3547, 0.3442, 0.3667, 0.4142] os=0.9545 | obj1: ls=[0.6695, 1.1866, 1.0805, 1.005, 1.0528, 1.381, 0.7756] os=0.5086",
2026-05-20 17:38:28,114,ok,136.493230,2.715041e+00,3.913927,29.239120,20.479735,4.844871,5.467037,0.687414,0.524626,"obj0: ls=[0.605, 0.3487, 0.4927, 0.3547, 0.3442, 0.3667, 0.4142] os=0.9545 | obj1: ls=[0.6695, 1.1866, 1.0805, 1.005, 1.0528, 1.381, 0.7756] os=0.5086",
2026-05-20 21:00:50,115,ok,137.361591,2.787803e+00,3.918577,29.451509,20.324578,4.563170,5.156442,0.757262,0.483465,"obj0: ls=[0.5783, 0.3379, 0.4146, 0.3976, 0.3556, 0.3788, 0.4407] os=0.9723 | obj1: ls=[0.6794, 1.2005, 1.1031, 1.017, 1.0618, 1.3977, 0.7873] os=0.5099",
2026-05-20 21:00:50,116,ok,137.361591,2.787803e+00,2.000000,28.779646,20.456917,4.269719,5.286472,0.624288,0.397176,"obj0: ls=[0.5783, 0.3379, 0.4146, 0.3976, 0.3556, 0.3788, 0.4407] os=0.9723 | obj1: ls=[0.6794, 1.2005, 1.1031, 1.017, 1.0618, 1.3977, 0.7873] os=0.5099",
2026-05-20 21:00:50,117,ok,137.361591,2.787803e+00,4.156371,29.366913,21.415596,4.645167,6.172212,0.802083,0.508459,"obj0: ls=[0.5783, 0.3379, 0.4146, 0.3976, 0.3556, 0.3788, 0.4407] os=0.9723 | obj1: ls=[0.6794, 1.2005, 1.1031, 1.017, 1.0618, 1.3977, 0.7873] os=0.5099",
2026-05-21 00:24:26,118,ok,137.361591,2.614230e+00,3.935140,28.990957,20.205721,4.851998,5.512066,0.696035,0.462380,"obj0: ls=[0.5934, 0.3681, 0.4271, 0.4102, 0.345, 0.3653, 0.4365] os=0.974 | obj1: ls=[0.6875, 1.2202, 1.1193, 1.0351, 1.0794, 1.4096, 0.7945] os=0.5071",
2026-05-21 00:24:26,119,ok,137.361591,2.614230e+00,4.379092,29.583478,21.537337,4.724804,5.000217,0.621129,0.505789,"obj0: ls=[0.5934, 0.3681, 0.4271, 0.4102, 0.345, 0.3653, 0.4365] os=0.974 | obj1: ls=[0.6875, 1.2202, 1.1193, 1.0351, 1.0794, 1.4096, 0.7945] os=0.5071",
2026-05-21 00:24:26,120,ok,137.361591,2.614230e+00,3.105732,30.876975,16.616227,5.240850,9.941303,2.029060,0.259592,"obj0: ls=[0.5934, 0.3681, 0.4271, 0.4102, 0.345, 0.3653, 0.4365] os=0.974 | obj1: ls=[0.6875, 1.2202, 1.1193, 1.0351, 1.0794, 1.4096, 0.7945] os=0.5071",
2026-05-21 03:47:37,121,ok,137.361591,2.792601e+00,3.892759,29.637495,22.040325,4.388430,5.130646,0.702951,0.487163,"obj0: ls=[0.6141, 0.2965, 0.3979, 0.3751, 0.382, 0.3743, 0.4426] os=0.9947 | obj1: ls=[0.6932, 1.2414, 1.1344, 1.0446, 1.0895, 1.4361, 0.8023] os=0.5076",
2026-05-21 03:47:37,122,ok,137.361591,2.792601e+00,4.118632,29.711200,21.115686,4.762095,4.988304,0.791953,0.529413,"obj0: ls=[0.6141, 0.2965, 0.3979, 0.3751, 0.382, 0.3743, 0.4426] os=0.9947 | obj1: ls=[0.6932, 1.2414, 1.1344, 1.0446, 1.0895, 1.4361, 0.8023] os=0.5076",
2026-05-21 03:47:37,123,ok,137.361591,2.792601e+00,2.000000,30.912924,16.723594,4.374730,10.779374,1.588339,0.262968,"obj0: ls=[0.6141, 0.2965, 0.3979, 0.3751, 0.382, 0.3743, 0.4426] os=0.9947 | obj1: ls=[0.6932, 1.2414, 1.1344, 1.0446, 1.0895, 1.4361, 0.8023] os=0.5076",
2026-05-21 07:19:39,124,ok,137.375313,2.681040e+00,2.000000,30.206485,21.735854,5.352778,9.382426,1.637476,0.238221,"obj0: ls=[0.6164, 0.2928, 0.3964, 0.3891, 0.372, 0.374, 0.4575] os=0.9955 | obj1: ls=[0.6991, 1.258, 1.1563, 1.0588, 1.1007, 1.4555, 0.8092] os=0.5074",
2026-05-21 07:19:39,125,ok,137.375313,2.681040e+00,4.676645,29.343651,21.526729,4.433377,4.928017,0.731782,0.520184,"obj0: ls=[0.6164, 0.2928, 0.3964, 0.3891, 0.372, 0.374, 0.4575] os=0.9955 | obj1: ls=[0.6991, 1.258, 1.1563, 1.0588, 1.1007, 1.4555, 0.8092] os=0.5074",
2026-05-21 07:19:39,126,ok,137.375313,2.681040e+00,3.617103,29.724970,21.324144,4.638233,5.429679,0.645737,0.501793,"obj0: ls=[0.6164, 0.2928, 0.3964, 0.3891, 0.372, 0.374, 0.4575] os=0.9955 | obj1: ls=[0.6991, 1.258, 1.1563, 1.0588, 1.1007, 1.4555, 0.8092] os=0.5074",
2026-05-21 10:55:22,127,ok,138.486939,2.875903e+00,4.544146,29.544024,22.029836,4.488359,4.761988,0.857954,0.471774,"obj0: ls=[0.5828, 0.2828, 0.4162, 0.3882, 0.3862, 0.3781, 0.4434] os=1.022 | obj1: ls=[0.7091, 1.2707, 1.174, 1.0741, 1.1093, 1.4734, 0.8172] os=0.5081",
2026-05-21 10:55:22,128,ok,138.486939,2.875903e+00,2.000000,29.916512,22.317073,4.728685,8.612273,1.505563,0.269311,"obj0: ls=[0.5828, 0.2828, 0.4162, 0.3882, 0.3862, 0.3781, 0.4434] os=1.022 | obj1: ls=[0.7091, 1.2707, 1.174, 1.0741, 1.1093, 1.4734, 0.8172] os=0.5081",
2026-05-21 10:55:22,129,ok,138.486939,2.875903e+00,2.660773,30.305583,21.521395,5.797483,9.984380,1.765304,0.267968,"obj0: ls=[0.5828, 0.2828, 0.4162, 0.3882, 0.3862, 0.3781, 0.4434] os=1.022 | obj1: ls=[0.7091, 1.2707, 1.174, 1.0741, 1.1093, 1.4734, 0.8172] os=0.5081",
2026-05-21 14:27:01,130,ok,141.814320,3.075328e+00,2.000000,30.218437,22.700126,4.853264,9.046098,1.576367,0.313887,"obj0: ls=[0.5639, 0.3014, 0.4219, 0.4444, 0.3487, 0.3405, 0.444] os=1.045 | obj1: ls=[0.7155, 1.281, 1.1897, 1.0925, 1.1228, 1.4924, 0.8241] os=0.5089",
2026-05-21 14:27:01,131,ok,141.814320,3.075328e+00,2.000000,29.741488,20.864669,5.045730,8.617068,1.482756,0.257466,"obj0: ls=[0.5639, 0.3014, 0.4219, 0.4444, 0.3487, 0.3405, 0.444] os=1.045 | obj1: ls=[0.7155, 1.281, 1.1897, 1.0925, 1.1228, 1.4924, 0.8241] os=0.5089",
2026-05-21 14:27:01,132,ok,141.814320,3.075328e+00,2.000000,29.997915,22.361607,4.574439,9.103527,1.620512,0.210188,"obj0: ls=[0.5639, 0.3014, 0.4219, 0.4444, 0.3487, 0.3405, 0.444] os=1.045 | obj1: ls=[0.7155, 1.281, 1.1897, 1.0925, 1.1228, 1.4924, 0.8241] os=0.5089",
2026-05-21 18:05:37,133,ok,145.841558,3.405030e+00,2.000000,30.212237,23.215985,4.220867,8.798284,1.532587,0.282441,"obj0: ls=[0.5821, 0.2283, 0.268, 0.4888, 0.3708, 0.3469, 0.5505] os=1.06 | obj1: ls=[0.7191, 1.2942, 1.2094, 1.1064, 1.134, 1.5075, 0.8362] os=0.5098",
2026-05-21 18:05:37,134,ok,145.841558,3.405030e+00,2.000000,30.161728,23.129736,4.822566,9.011831,1.590614,0.257260,"obj0: ls=[0.5821, 0.2283, 0.268, 0.4888, 0.3708, 0.3469, 0.5505] os=1.06 | obj1: ls=[0.7191, 1.2942, 1.2094, 1.1064, 1.134, 1.5075, 0.8362] os=0.5098",
2026-05-21 18:05:37,135,ok,145.841558,3.405030e+00,2.000000,30.477979,22.663190,4.732291,9.613325,1.709535,0.264906,"obj0: ls=[0.5821, 0.2283, 0.268, 0.4888, 0.3708, 0.3469, 0.5505] os=1.06 | obj1: ls=[0.7191, 1.2942, 1.2094, 1.1064, 1.134, 1.5075, 0.8362] os=0.5098",
2026-05-21 21:43:51,136,ok,145.841558,3.244695e+00,2.000000,29.594050,20.973161,3.298797,4.534822,0.512140,0.259279,"obj0: ls=[0.5799, 0.233, 0.2774, 0.433, 0.3815, 0.3513, 0.5564] os=1.053 | obj1: ls=[0.7221, 1.3063, 1.2262, 1.1287, 1.1472, 1.5247, 0.8437] os=0.511",
2026-05-21 21:43:51,137,ok,145.841558,3.244695e+00,2.000000,30.267483,22.875497,4.917538,9.800227,1.614139,0.259602,"obj0: ls=[0.5799, 0.233, 0.2774, 0.433, 0.3815, 0.3513, 0.5564] os=1.053 | obj1: ls=[0.7221, 1.3063, 1.2262, 1.1287, 1.1472, 1.5247, 0.8437] os=0.511",
2026-05-21 21:43:51,138,ok,145.841558,3.244695e+00,2.000000,30.342870,22.686925,4.906218,9.055414,1.711418,0.261242,"obj0: ls=[0.5799, 0.233, 0.2774, 0.433, 0.3815, 0.3513, 0.5564] os=1.053 | obj1: ls=[0.7221, 1.3063, 1.2262, 1.1287, 1.1472, 1.5247, 0.8437] os=0.511",
2026-05-22 01:16:17,139,ok,145.841558,3.050907e+00,2.153551,30.062506,22.810517,4.772795,9.165643,1.661849,0.279995,"obj0: ls=[0.5782, 0.2367, 0.2811, 0.4414, 0.3814, 0.3502, 0.5565] os=1.046 | obj1: ls=[0.7258, 1.3162, 1.2553, 1.1412, 1.1616, 1.5477, 0.8491] os=0.5011",
2026-05-22 01:16:17,140,ok,145.841558,3.050907e+00,2.000000,30.414951,22.633000,4.837081,9.062663,1.559993,0.260190,"obj0: ls=[0.5782, 0.2367, 0.2811, 0.4414, 0.3814, 0.3502, 0.5565] os=1.046 | obj1: ls=[0.7258, 1.3162, 1.2553, 1.1412, 1.1616, 1.5477, 0.8491] os=0.5011",
2026-05-22 01:16:17,141,ok,145.841558,3.050907e+00,2.000000,30.673071,22.231082,4.868006,9.839396,1.823293,0.228136,"obj0: ls=[0.5782, 0.2367, 0.2811, 0.4414, 0.3814, 0.3502, 0.5565] os=1.046 | obj1: ls=[0.7258, 1.3162, 1.2553, 1.1412, 1.1616, 1.5477, 0.8491] os=0.5011",
2026-05-22 04:47:28,142,ok,145.841558,3.137082e+00,2.000000,30.548112,22.751919,4.834337,9.508073,1.746623,0.183228,"obj0: ls=[0.5731, 0.2485, 0.2822, 0.4289, 0.3796, 0.373, 0.5665] os=1.031 | obj1: ls=[0.7296, 1.3372, 1.2669, 1.1482, 1.1715, 1.5758, 0.8571] os=0.5023",
2026-05-22 04:47:28,143,ok,145.841558,3.137082e+00,2.718835,30.454100,22.372350,4.761167,9.512705,1.717753,0.243272,"obj0: ls=[0.5731, 0.2485, 0.2822, 0.4289, 0.3796, 0.373, 0.5665] os=1.031 | obj1: ls=[0.7296, 1.3372, 1.2669, 1.1482, 1.1715, 1.5758, 0.8571] os=0.5023",
2026-05-22 04:47:28,144,ok,145.841558,3.137082e+00,2.000000,30.695576,22.132725,4.901178,9.794611,1.793257,0.296868,"obj0: ls=[0.5731, 0.2485, 0.2822, 0.4289, 0.3796, 0.373, 0.5665] os=1.031 | obj1: ls=[0.7296, 1.3372, 1.2669, 1.1482, 1.1715, 1.5758, 0.8571] os=0.5023",
2026-05-22 08:08:29,145,ok,145.847454,2.991787e+00,2.000000,30.160872,22.635400,4.755082,9.103638,1.595351,0.269144,"obj0: ls=[0.5043, 0.2626, 0.2725, 0.4618, 0.3754, 0.3739, 0.5718] os=1.051 | obj1: ls=[0.7381, 1.35, 1.2823, 1.1567, 1.1807, 1.5907, 0.8691] os=0.5046",
2026-05-22 08:08:29,146,ok,145.847454,2.991787e+00,2.000000,30.138769,22.992913,4.954964,9.015982,1.614767,0.286455,"obj0: ls=[0.5043, 0.2626, 0.2725, 0.4618, 0.3754, 0.3739, 0.5718] os=1.051 | obj1: ls=[0.7381, 1.35, 1.2823, 1.1567, 1.1807, 1.5907, 0.8691] os=0.5046",
2026-05-22 08:08:29,147,ok,145.847454,2.991787e+00,2.000000,32.782011,6.042390,3.711635,4.987602,0.041335,0.166177,"obj0: ls=[0.5043, 0.2626, 0.2725, 0.4618, 0.3754, 0.3739, 0.5718] os=1.051 | obj1: ls=[0.7381, 1.35, 1.2823, 1.1567, 1.1807, 1.5907, 0.8691] os=0.5046",
2026-05-22 11:30:22,148,ok,151.281845,3.393459e+00,2.000000,30.226052,23.539829,4.670908,9.123331,1.641686,0.320343,"obj0: ls=[0.5464, 0.3742, 0.4894, 0.0746, 0.5367, 0.6611, 0.4111] os=0.9838 | obj1: ls=[0.7437, 1.3786, 1.2973, 1.1786, 1.1872, 1.6371, 0.8775] os=0.4851",
2026-05-22 11:30:22,149,ok,151.281845,3.393459e+00,2.000000,31.421202,7.622895,4.934941,3.460571,0.440781,0.134675,"obj0: ls=[0.5464, 0.3742, 0.4894, 0.0746, 0.5367, 0.6611, 0.4111] os=0.9838 | obj1: ls=[0.7437, 1.3786, 1.2973, 1.1786, 1.1872, 1.6371, 0.8775] os=0.4851",
2026-05-22 11:30:22,150,ok,151.281845,3.393459e+00,2.000000,30.366517,22.801746,4.817477,9.478753,1.678866,0.286439,"obj0: ls=[0.5464, 0.3742, 0.4894, 0.0746, 0.5367, 0.6611, 0.4111] os=0.9838 | obj1: ls=[0.7437, 1.3786, 1.2973, 1.1786, 1.1872, 1.6371, 0.8775] os=0.4851",
2026-05-22 15:00:32,151,ok,151.281845,3.278798e+00,2.000000,30.052945,21.787535,4.584873,8.277609,1.657275,0.323067,"obj0: ls=[0.5937, 0.385, 0.4877, 0.0734, 0.4666, 0.6371, 0.4052] os=0.9957 | obj1: ls=[0.754, 1.3811, 1.3053, 1.2481, 1.1924, 1.6452, 0.8867] os=0.469",
2026-05-22 15:00:32,152,ok,151.281845,3.278798e+00,2.000000,30.346432,23.812626,4.700656,8.572446,1.699749,0.289781,"obj0: ls=[0.5937, 0.385, 0.4877, 0.0734, 0.4666, 0.6371, 0.4052] os=0.9957 | obj1: ls=[0.754, 1.3811, 1.3053, 1.2481, 1.1924, 1.6452, 0.8867] os=0.469",
2026-05-22 15:00:32,153,ok,151.281845,3.278798e+00,2.000000,30.006971,23.482359,4.652466,9.650327,1.392143,0.292747,"obj0: ls=[0.5937, 0.385, 0.4877, 0.0734, 0.4666, 0.6371, 0.4052] os=0.9957 | obj1: ls=[0.754, 1.3811, 1.3053, 1.2481, 1.1924, 1.6452, 0.8867] os=0.469",
2026-05-22 18:23:18,154,ok,151.281887,3.303762e+00,2.000000,30.348674,22.890826,4.733226,9.201188,1.606560,0.253926,"obj0: ls=[0.4671, 0.457, 0.6629, 0.1954, 0.2461, 0.5215, 0.1868] os=1.094 | obj1: ls=[0.7552, 1.3905, 1.3189, 1.2572, 1.2119, 1.6725, 0.893] os=0.4702",
2026-05-22 18:23:18,155,ok,151.281887,3.303762e+00,2.000000,29.831256,10.661010,4.338944,5.738241,0.000000,0.384068,"obj0: ls=[0.4671, 0.457, 0.6629, 0.1954, 0.2461, 0.5215, 0.1868] os=1.094 | obj1: ls=[0.7552, 1.3905, 1.3189, 1.2572, 1.2119, 1.6725, 0.893] os=0.4702",
2026-05-22 18:23:18,156,ok,151.281887,3.303762e+00,2.000000,29.925750,22.341531,4.627765,9.353792,1.553954,0.263424,"obj0: ls=[0.4671, 0.457, 0.6629, 0.1954, 0.2461, 0.5215, 0.1868] os=1.094 | obj1: ls=[0.7552, 1.3905, 1.3189, 1.2572, 1.2119, 1.6725, 0.893] os=0.4702",
2026-05-22 21:43:34,157,ok,151.282056,3.081596e+00,2.000000,30.029796,7.621983,5.129516,8.214867,0.378544,0.145432,"obj0: ls=[0.6409, 0.3915, 0.5118, 0.0966, 0.2054, 0.4971, 0.446] os=1.063 | obj1: ls=[0.7592, 1.4015, 1.3276, 1.279, 1.2273, 1.6884, 0.9037] os=0.4639",
2026-05-22 21:43:34,158,ok,151.282056,3.081596e+00,2.000000,30.197826,22.446806,4.782554,9.070208,1.487756,0.290060,"obj0: ls=[0.6409, 0.3915, 0.5118, 0.0966, 0.2054, 0.4971, 0.446] os=1.063 | obj1: ls=[0.7592, 1.4015, 1.3276, 1.279, 1.2273, 1.6884, 0.9037] os=0.4639",
2026-05-22 21:43:34,159,ok,151.282056,3.081596e+00,2.000000,30.351104,23.585290,4.701745,9.360858,1.545581,0.314960,"obj0: ls=[0.6409, 0.3915, 0.5118, 0.0966, 0.2054, 0.4971, 0.446] os=1.063 | obj1: ls=[0.7592, 1.4015, 1.3276, 1.279, 1.2273, 1.6884, 0.9037] os=0.4639",
2026-05-23 01:13:11,160,ok,151.285820,3.147073e+00,2.000000,30.694139,23.333049,4.716183,10.511682,1.315605,0.267968,"obj0: ls=[0.5951, 0.3568, 0.418, 0.0993, 0.3677, 0.5656, 0.3435] os=1.059 | obj1: ls=[0.7608, 1.4092, 1.3319, 1.2998, 1.2563, 1.7089, 0.9117] os=0.4557",
2026-05-23 01:13:11,161,ok,151.285820,3.147073e+00,2.000000,30.089097,23.251503,4.706568,9.656972,1.530369,0.327030,"obj0: ls=[0.5951, 0.3568, 0.418, 0.0993, 0.3677, 0.5656, 0.3435] os=1.059 | obj1: ls=[0.7608, 1.4092, 1.3319, 1.2998, 1.2563, 1.7089, 0.9117] os=0.4557",
2026-05-23 01:13:11,162,ok,151.285820,3.147073e+00,2.000000,30.132453,22.744314,4.772544,9.391594,1.436233,0.255105,"obj0: ls=[0.5951, 0.3568, 0.418, 0.0993, 0.3677, 0.5656, 0.3435] os=1.059 | obj1: ls=[0.7608, 1.4092, 1.3319, 1.2998, 1.2563, 1.7089, 0.9117] os=0.4557",
2026-05-23 04:44:23,163,ok,152.542533,2.667244e+00,2.000000,33.537503,13.522796,4.296004,4.494556,0.070823,0.168710,"obj0: ls=[0.6199, 0.3726, 0.4435, 0.104, 0.2681, 0.5512, 0.4015] os=1.059 | obj1: ls=[0.7614, 1.4221, 1.3386, 1.305, 1.2769, 1.7415, 0.9183] os=0.4568",
2026-05-23 04:44:23,164,ok,152.542533,2.667244e+00,2.000000,31.715290,17.289630,5.084681,6.148351,0.221498,0.407050,"obj0: ls=[0.6199, 0.3726, 0.4435, 0.104, 0.2681, 0.5512, 0.4015] os=1.059 | obj1: ls=[0.7614, 1.4221, 1.3386, 1.305, 1.2769, 1.7415, 0.9183] os=0.4568",
2026-05-23 04:44:23,165,ok,152.542533,2.667244e+00,2.429660,32.094123,16.894471,5.110680,6.228179,0.724809,0.427071,"obj0: ls=[0.6199, 0.3726, 0.4435, 0.104, 0.2681, 0.5512, 0.4015] os=1.059 | obj1: ls=[0.7614, 1.4221, 1.3386, 1.305, 1.2769, 1.7415, 0.9183] os=0.4568",
2026-05-23 08:17:00,166,ok,152.542533,2.658953e+00,2.000000,33.349820,16.329411,4.371717,4.727700,0.000000,0.258639,"obj0: ls=[0.6276, 0.3773, 0.4288, 0.0974, 0.283, 0.5946, 0.421] os=1.054 | obj1: ls=[0.7665, 1.4289, 1.3422, 1.3139, 1.2879, 1.7735, 0.9259] os=0.4509",
2026-05-23 08:17:00,167,ok,152.542533,2.658953e+00,2.000000,30.822451,22.376126,5.448813,10.408265,1.651212,0.237139,"obj0: ls=[0.6276, 0.3773, 0.4288, 0.0974, 0.283, 0.5946, 0.421] os=1.054 | obj1: ls=[0.7665, 1.4289, 1.3422, 1.3139, 1.2879, 1.7735, 0.9259] os=0.4509",
2026-05-23 08:17:00,168,ok,152.542533,2.658953e+00,2.000000,31.000667,21.618824,4.903741,10.027059,1.750163,0.231817,"obj0: ls=[0.6276, 0.3773, 0.4288, 0.0974, 0.283, 0.5946, 0.421] os=1.054 | obj1: ls=[0.7665, 1.4289, 1.3422, 1.3139, 1.2879, 1.7735, 0.9259] os=0.4509",
2026-05-23 11:37:44,169,ok,152.542533,2.586228e+00,2.000000,28.798052,21.658965,4.496151,5.613472,0.165920,0.318049,"obj0: ls=[0.6235, 0.3715, 0.42, 0.095, 0.2972, 0.6072, 0.4243] os=1.056 | obj1: ls=[0.7685, 1.4481, 1.358, 1.3265, 1.2991, 1.7919, 0.9292] os=0.4484",
2026-05-23 11:37:44,170,ok,152.542533,2.586228e+00,2.000000,33.699303,13.836539,4.157617,2.801684,0.350297,0.104242,"obj0: ls=[0.6235, 0.3715, 0.42, 0.095, 0.2972, 0.6072, 0.4243] os=1.056 | obj1: ls=[0.7685, 1.4481, 1.358, 1.3265, 1.2991, 1.7919, 0.9292] os=0.4484",
2026-05-23 11:37:44,171,ok,152.542533,2.586228e+00,3.763887,28.921476,20.987385,4.403608,5.578808,0.593542,0.525039,"obj0: ls=[0.6235, 0.3715, 0.42, 0.095, 0.2972, 0.6072, 0.4243] os=1.056 | obj1: ls=[0.7685, 1.4481, 1.358, 1.3265, 1.2991, 1.7919, 0.9292] os=0.4484",
2026-05-23 15:03:10,172,ok,152.542533,2.504289e+00,5.066188,30.338295,20.639421,4.805785,5.559600,0.770832,0.494757,"obj0: ls=[0.6173, 0.3736, 0.4775, 0.1123, 0.2469, 0.523, 0.3963] os=1.073 | obj1: ls=[0.7713, 1.4611, 1.3677, 1.3416, 1.3089, 1.814, 0.936] os=0.4371",
2026-05-23 15:03:10,173,ok,152.542533,2.504289e+00,2.982416,32.081490,16.839275,5.113754,6.522404,0.480592,0.434864,"obj0: ls=[0.6173, 0.3736, 0.4775, 0.1123, 0.2469, 0.523, 0.3963] os=1.073 | obj1: ls=[0.7713, 1.4611, 1.3677, 1.3416, 1.3089, 1.814, 0.936] os=0.4371",
2026-05-23 15:03:10,174,ok,152.542533,2.504289e+00,2.000000,31.755237,16.911497,5.077606,6.024994,0.635551,0.373478,"obj0: ls=[0.6173, 0.3736, 0.4775, 0.1123, 0.2469, 0.523, 0.3963] os=1.073 | obj1: ls=[0.7713, 1.4611, 1.3677, 1.3416, 1.3089, 1.814, 0.936] os=0.4371",
2026-05-23 18:32:11,175,ok,152.569955,2.886027e+00,2.000000,30.392812,22.742260,4.832012,9.313157,1.674094,0.245381,"obj0: ls=[0.52, 0.3104, 0.4606, 0.1448, 0.3105, 0.5519, 0.2843] os=1.111 | obj1: ls=[0.7776, 1.4841, 1.3775, 1.3492, 1.3171, 1.8285, 0.9416] os=0.4356",
2026-05-23 18:32:11,176,ok,152.569955,2.886027e+00,2.000000,33.536557,11.454667,4.339749,4.560350,0.109697,0.250091,"obj0: ls=[0.52, 0.3104, 0.4606, 0.1448, 0.3105, 0.5519, 0.2843] os=1.111 | obj1: ls=[0.7776, 1.4841, 1.3775, 1.3492, 1.3171, 1.8285, 0.9416] os=0.4356",
2026-05-23 18:32:11,177,ok,152.569955,2.886027e+00,2.000000,30.261170,22.583131,4.796831,9.140331,1.593670,0.254179,"obj0: ls=[0.52, 0.3104, 0.4606, 0.1448, 0.3105, 0.5519, 0.2843] os=1.111 | obj1: ls=[0.7776, 1.4841, 1.3775, 1.3492, 1.3171, 1.8285, 0.9416] os=0.4356",
2026-05-23 22:01:08,178,ok,152.762792,2.651374e+00,2.000000,30.383962,23.176385,4.798790,9.272771,1.565281,0.251392,"obj0: ls=[0.5267, 0.3171, 0.473, 0.1434, 0.3084, 0.556, 0.2958] os=1.105 | obj1: ls=[0.7799, 1.4966, 1.3908, 1.3585, 1.3303, 1.8472, 0.9505] os=0.4314",
2026-05-23 22:01:08,179,ok,152.762792,2.651374e+00,2.000000,30.391486,22.489405,4.849515,9.680737,1.811195,0.238789,"obj0: ls=[0.5267, 0.3171, 0.473, 0.1434, 0.3084, 0.556, 0.2958] os=1.105 | obj1: ls=[0.7799, 1.4966, 1.3908, 1.3585, 1.3303, 1.8472, 0.9505] os=0.4314",
2026-05-23 22:01:08,180,ok,152.762792,2.651374e+00,2.000000,30.715295,21.475388,4.555864,9.201156,1.349032,0.200086,"obj0: ls=[0.5267, 0.3171, 0.473, 0.1434, 0.3084, 0.556, 0.2958] os=1.105 | obj1: ls=[0.7799, 1.4966, 1.3908, 1.3585, 1.3303, 1.8472, 0.9505] os=0.4314",
2026-05-24 01:29:22,181,ok,152.764842,2.481688e+00,2.000000,33.731796,13.090113,4.303504,5.770781,0.302796,0.213904,"obj0: ls=[0.5268, 0.3341, 0.4886, 0.1425, 0.3046, 0.585, 0.2947] os=1.097 | obj1: ls=[0.781, 1.5118, 1.4034, 1.3654, 1.3396, 1.8785, 0.9561] os=0.4322",
2026-05-24 01:29:22,182,ok,152.764842,2.481688e+00,2.000000,30.548437,22.309343,4.781834,9.254188,1.549464,0.251988,"obj0: ls=[0.5268, 0.3341, 0.4886, 0.1425, 0.3046, 0.585, 0.2947] os=1.097 | obj1: ls=[0.781, 1.5118, 1.4034, 1.3654, 1.3396, 1.8785, 0.9561] os=0.4322",
2026-05-24 01:29:22,183,ok,152.764842,2.481688e+00,2.000000,31.093934,14.269087,5.213370,3.161506,0.470868,0.614400,"obj0: ls=[0.5268, 0.3341, 0.4886, 0.1425, 0.3046, 0.585, 0.2947] os=1.097 | obj1: ls=[0.781, 1.5118, 1.4034, 1.3654, 1.3396, 1.8785, 0.9561] os=0.4322",
2026-05-24 04:44:16,184,ok,152.764842,2.622213e+00,2.000000,26.198391,10.761716,3.077535,0.500000,0.000000,0.078101,"obj0: ls=[0.5513, 0.3458, 0.4948, 0.133, 0.3042, 0.5861, 0.3168] os=1.093 | obj1: ls=[0.7833, 1.5256, 1.4129, 1.3727, 1.3542, 1.8949, 0.968] os=0.43",
2026-05-24 04:44:16,185,ok,152.764842,2.622213e+00,2.000000,31.154709,21.045794,4.495840,9.732395,1.731848,0.204970,"obj0: ls=[0.5513, 0.3458, 0.4948, 0.133, 0.3042, 0.5861, 0.3168] os=1.093 | obj1: ls=[0.7833, 1.5256, 1.4129, 1.3727, 1.3542, 1.8949, 0.968] os=0.43",
2026-05-24 04:44:16,186,ok,152.764842,2.622213e+00,2.000000,30.448007,22.594959,4.828805,9.086053,1.652711,0.249318,"obj0: ls=[0.5513, 0.3458, 0.4948, 0.133, 0.3042, 0.5861, 0.3168] os=1.093 | obj1: ls=[0.7833, 1.5256, 1.4129, 1.3727, 1.3542, 1.8949, 0.968] os=0.43",
2026-05-24 08:06:15,187,ok,152.764842,2.639036e+00,2.000000,30.249280,22.870909,4.733235,9.227685,1.500178,0.311649,"obj0: ls=[0.5575, 0.3477, 0.4855, 0.153, 0.343, 0.6241, 0.3052] os=1.087 | obj1: ls=[0.8213, 1.5694, 1.4206, 1.3436, 1.5029, 1.9087, 1.0442] os=0.4592",
2026-05-24 08:06:15,188,ok,152.764842,2.639036e+00,2.000000,31.461174,16.037775,5.134485,6.001991,0.943528,0.453543,"obj0: ls=[0.5575, 0.3477, 0.4855, 0.153, 0.343, 0.6241, 0.3052] os=1.087 | obj1: ls=[0.8213, 1.5694, 1.4206, 1.3436, 1.5029, 1.9087, 1.0442] os=0.4592",
2026-05-24 08:06:15,189,ok,152.764842,2.639036e+00,2.000000,25.000000,9.656680,1.000000,0.500000,0.000000,0.000000,"obj0: ls=[0.5575, 0.3477, 0.4855, 0.153, 0.343, 0.6241, 0.3052] os=1.087 | obj1: ls=[0.8213, 1.5694, 1.4206, 1.3436, 1.5029, 1.9087, 1.0442] os=0.4592",
2026-05-24 11:36:24,190,ok,152.764842,2.728951e+00,2.000000,29.177888,21.445003,4.386105,7.022059,0.242621,0.026784,"obj0: ls=[0.6602, 0.506, 0.4848, 0.1259, 0.4579, 0.8256, 0.4207] os=1.114 | obj1: ls=[0.8719, 1.6124, 1.5001, 1.5532, 1.5394, 1.8405, 1.1612] os=0.4721",
2026-05-24 11:36:24,191,ok,152.764842,2.728951e+00,2.000000,30.261587,23.794918,4.668896,9.410442,1.605738,0.318769,"obj0: ls=[0.6602, 0.506, 0.4848, 0.1259, 0.4579, 0.8256, 0.4207] os=1.114 | obj1: ls=[0.8719, 1.6124, 1.5001, 1.5532, 1.5394, 1.8405, 1.1612] os=0.4721",
2026-05-24 11:36:24,192,ok,152.764842,2.728951e+00,2.000000,31.683276,17.810438,5.223990,4.674426,0.767104,0.480680,"obj0: ls=[0.6602, 0.506, 0.4848, 0.1259, 0.4579, 0.8256, 0.4207] os=1.114 | obj1: ls=[0.8719, 1.6124, 1.5001, 1.5532, 1.5394, 1.8405, 1.1612] os=0.4721",
2026-05-24 14:59:33,193,ok,152.764842,2.799299e+00,2.000000,29.803526,22.322559,4.554848,9.161310,1.020066,0.156972,"obj0: ls=[0.6681, 0.5091, 0.4754, 0.1303, 0.4165, 0.8336, 0.426] os=1.118 | obj1: ls=[0.8767, 1.624, 1.4771, 1.5493, 1.5403, 1.8775, 1.1698] os=0.471",
2026-05-24 14:59:33,194,ok,152.764842,2.799299e+00,2.000000,26.425139,21.871636,4.281371,1.874144,0.000000,0.009813,"obj0: ls=[0.6681, 0.5091, 0.4754, 0.1303, 0.4165, 0.8336, 0.426] os=1.118 | obj1: ls=[0.8767, 1.624, 1.4771, 1.5493, 1.5403, 1.8775, 1.1698] os=0.471",
2026-05-24 14:59:33,195,ok,152.764842,2.799299e+00,2.000000,30.015192,22.489333,4.789324,9.010066,1.559929,0.266555,"obj0: ls=[0.6681, 0.5091, 0.4754, 0.1303, 0.4165, 0.8336, 0.426] os=1.118 | obj1: ls=[0.8767, 1.624, 1.4771, 1.5493, 1.5403, 1.8775, 1.1698] os=0.471",
2026-05-24 18:29:01,196,ok,153.447256,2.541667e+00,2.000000,30.165800,22.921138,4.770278,9.348341,1.666168,0.253038,"obj0: ls=[0.6623, 0.5096, 0.4686, 0.1334, 0.4251, 0.8497, 0.4167] os=1.108 | obj1: ls=[0.8776, 1.6398, 1.4783, 1.554, 1.558, 1.8996, 1.1767] os=0.459",
2026-05-24 18:29:01,197,ok,153.447256,2.541667e+00,2.000000,29.610049,21.567147,3.785918,3.868648,0.000000,0.138589,"obj0: ls=[0.6623, 0.5096, 0.4686, 0.1334, 0.4251, 0.8497, 0.4167] os=1.108 | obj1: ls=[0.8776, 1.6398, 1.4783, 1.554, 1.558, 1.8996, 1.1767] os=0.459",
2026-05-24 18:29:01,198,ok,153.447256,2.541667e+00,2.000000,31.672408,21.044347,4.219586,7.244794,0.000000,0.148260,"obj0: ls=[0.6623, 0.5096, 0.4686, 0.1334, 0.4251, 0.8497, 0.4167] os=1.108 | obj1: ls=[0.8776, 1.6398, 1.4783, 1.554, 1.558, 1.8996, 1.1767] os=0.459",
2026-05-24 22:01:22,199,ok,154.575733,2.771864e+00,2.000000,30.646601,21.539224,4.023505,0.883095,0.000000,0.227606,"obj0: ls=[0.6242, 0.4955, 0.4064, 0.1661, 0.5614, 0.8983, 0.3222] os=1.115 | obj1: ls=[0.8789, 1.6561, 1.4823, 1.5633, 1.5744, 1.9201, 1.1858] os=0.4534",
2026-05-24 22:01:22,200,ok,154.575733,2.771864e+00,2.000000,31.215353,21.384020,4.497657,7.217914,0.980036,0.149190,"obj0: ls=[0.6242, 0.4955, 0.4064, 0.1661, 0.5614, 0.8983, 0.3222] os=1.115 | obj1: ls=[0.8789, 1.6561, 1.4823, 1.5633, 1.5744, 1.9201, 1.1858] os=0.4534",
2026-05-24 22:01:22,201,ok,154.575733,2.771864e+00,2.000000,31.275859,11.946051,5.113227,5.501417,0.617592,0.643960,"obj0: ls=[0.6242, 0.4955, 0.4064, 0.1661, 0.5614, 0.8983, 0.3222] os=1.115 | obj1: ls=[0.8789, 1.6561, 1.4823, 1.5633, 1.5744, 1.9201, 1.1858] os=0.4534",
2026-05-25 01:31:55,202,ok,154.808367,3.301599e+00,2.000000,30.368966,22.877588,4.709457,9.009955,1.486729,0.233537,"obj0: ls=[0.7992, 0.4691, 0.6427, 0.2411, 0.1899, 0.8631, 0.612] os=1.138 | obj1: ls=[0.7857, 1.1519, 1.3, 1.3039, 0.4512, 1.3305, 0.862] os=0.8668",
2026-05-25 01:31:55,203,ok,154.808367,3.301599e+00,2.000000,30.616713,24.841002,4.636142,9.434324,1.520661,0.270866,"obj0: ls=[0.7992, 0.4691, 0.6427, 0.2411, 0.1899, 0.8631, 0.612] os=1.138 | obj1: ls=[0.7857, 1.1519, 1.3, 1.3039, 0.4512, 1.3305, 0.862] os=0.8668",
2026-05-25 01:31:55,204,ok,154.808367,3.301599e+00,2.000000,31.933093,25.777558,4.007565,5.737275,0.000000,0.133792,"obj0: ls=[0.7992, 0.4691, 0.6427, 0.2411, 0.1899, 0.8631, 0.612] os=1.138 | obj1: ls=[0.7857, 1.1519, 1.3, 1.3039, 0.4512, 1.3305, 0.862] os=0.8668",
2026-05-25 04:54:58,205,ok,154.809728,3.294570e+00,2.000000,31.047453,26.000000,3.923563,4.389222,0.000000,0.291760,"obj0: ls=[0.8078, 0.4814, 0.6931, 0.2154, 0.1895, 0.8583, 0.6141] os=1.14 | obj1: ls=[0.786, 1.1584, 1.3313, 1.3069, 0.4513, 1.3376, 0.8657] os=0.8679",
2026-05-25 04:54:58,206,ok,154.809728,3.294570e+00,2.000000,30.611893,24.587313,4.664750,9.640847,1.431244,0.269200,"obj0: ls=[0.8078, 0.4814, 0.6931, 0.2154, 0.1895, 0.8583, 0.6141] os=1.14 | obj1: ls=[0.786, 1.1584, 1.3313, 1.3069, 0.4513, 1.3376, 0.8657] os=0.8679",
2026-05-25 04:54:58,207,ok,154.809728,3.294570e+00,2.000000,30.525423,24.502587,4.657199,9.335461,1.710084,0.289959,"obj0: ls=[0.8078, 0.4814, 0.6931, 0.2154, 0.1895, 0.8583, 0.6141] os=1.14 | obj1: ls=[0.786, 1.1584, 1.3313, 1.3069, 0.4513, 1.3376, 0.8657] os=0.8679",
2026-05-25 08:23:49,208,ok,155.957366,3.302193e+00,2.000000,30.814676,24.303910,4.639609,9.493624,1.520222,0.299635,"obj0: ls=[0.8171, 0.4905, 0.7224, 0.21, 0.1868, 0.8833, 0.6236] os=1.131 | obj1: ls=[0.7955, 1.1522, 1.4013, 1.307, 0.4338, 1.3432, 0.8787] os=0.8694",
2026-05-25 08:23:49,209,ok,155.957366,3.302193e+00,2.000000,32.074286,23.166910,4.293783,6.877463,0.887422,0.013004,"obj0: ls=[0.8171, 0.4905, 0.7224, 0.21, 0.1868, 0.8833, 0.6236] os=1.131 | obj1: ls=[0.7955, 1.1522, 1.4013, 1.307, 0.4338, 1.3432, 0.8787] os=0.8694",
2026-05-25 08:23:49,210,ok,155.957366,3.302193e+00,2.000000,30.340238,25.338773,4.667165,9.591713,1.655023,0.260110,"obj0: ls=[0.8171, 0.4905, 0.7224, 0.21, 0.1868, 0.8833, 0.6236] os=1.131 | obj1: ls=[0.7955, 1.1522, 1.4013, 1.307, 0.4338, 1.3432, 0.8787] os=0.8694",
2026-05-25 11:55:39,211,ok,156.015904,3.345015e+00,2.000000,32.035749,22.248390,4.435497,6.458846,0.684809,0.113428,"obj0: ls=[0.8221, 0.4934, 0.7374, 0.2052, 0.1868, 0.8943, 0.6549] os=1.128 | obj1: ls=[0.7949, 1.167, 1.4175, 1.3092, 0.4338, 1.3559, 0.8851] os=0.8711",
2026-05-25 11:55:39,212,ok,156.015904,3.345015e+00,2.000000,30.423860,24.615769,4.687764,9.501343,1.577003,0.266435,"obj0: ls=[0.8221, 0.4934, 0.7374, 0.2052, 0.1868, 0.8943, 0.6549] os=1.128 | obj1: ls=[0.7949, 1.167, 1.4175, 1.3092, 0.4338, 1.3559, 0.8851] os=0.8711",
2026-05-25 11:55:39,213,ok,156.015904,3.345015e+00,2.000000,31.758380,26.000000,4.212705,7.665804,0.816939,0.000000,"obj0: ls=[0.8221, 0.4934, 0.7374, 0.2052, 0.1868, 0.8943, 0.6549] os=1.128 | obj1: ls=[0.7949, 1.167, 1.4175, 1.3092, 0.4338, 1.3559, 0.8851] os=0.8711",
2026-05-25 15:28:01,214,ok,157.465525,3.278203e+00,2.000000,31.209512,17.405765,5.548875,2.303323,0.000000,0.411929,"obj0: ls=[0.8205, 0.4939, 0.7523, 0.2045, 0.1891, 0.9034, 0.6565] os=1.128 | obj1: ls=[0.7937, 1.1726, 1.4375, 1.3114, 0.4366, 1.3707, 0.8871] os=0.8726",
2026-05-25 15:28:01,215,ok,157.465525,3.278203e+00,2.000000,30.291356,25.994640,4.639902,9.523093,1.416862,0.273099,"obj0: ls=[0.8205, 0.4939, 0.7523, 0.2045, 0.1891, 0.9034, 0.6565] os=1.128 | obj1: ls=[0.7937, 1.1726, 1.4375, 1.3114, 0.4366, 1.3707, 0.8871] os=0.8726",
2026-05-25 15:28:01,216,ok,157.465525,3.278203e+00,2.000000,30.583457,24.389600,4.668563,9.643689,1.684579,0.260100,"obj0: ls=[0.8205, 0.4939, 0.7523, 0.2045, 0.1891, 0.9034, 0.6565] os=1.128 | obj1: ls=[0.7937, 1.1726, 1.4375, 1.3114, 0.4366, 1.3707, 0.8871] os=0.8726",
2026-05-25 18:54:45,217,ok,158.157609,3.230014e+00,2.000000,30.555912,25.560661,4.681672,9.594638,1.463702,0.233297,"obj0: ls=[0.8175, 0.4999, 0.7795, 0.2081, 0.1881, 0.9318, 0.6392] os=1.116 | obj1: ls=[0.7971, 1.2589, 1.4628, 1.144, 0.4302, 1.4588, 0.7423] os=0.8808",
2026-05-25 18:54:45,218,ok,158.157609,3.230014e+00,2.000000,31.652080,19.550468,4.193525,7.109847,0.921159,0.048131,"obj0: ls=[0.8175, 0.4999, 0.7795, 0.2081, 0.1881, 0.9318, 0.6392] os=1.116 | obj1: ls=[0.7971, 1.2589, 1.4628, 1.144, 0.4302, 1.4588, 0.7423] os=0.8808",
2026-05-25 18:54:45,219,ok,158.157609,3.230014e+00,2.000000,30.369848,25.323762,4.618378,9.550861,1.625357,0.289341,"obj0: ls=[0.8175, 0.4999, 0.7795, 0.2081, 0.1881, 0.9318, 0.6392] os=1.116 | obj1: ls=[0.7971, 1.2589, 1.4628, 1.144, 0.4302, 1.4588, 0.7423] os=0.8808",
2026-05-25 22:27:45,220,ok,162.472382,3.139882e+00,2.000000,31.254364,26.000000,4.167458,6.785493,1.253374,0.101222,"obj0: ls=[0.8166, 0.5255, 0.7993, 0.2031, 0.1859, 0.9155, 0.6144] os=1.125 | obj1: ls=[0.7975, 1.2499, 1.4937, 1.1407, 0.43, 1.4659, 0.7614] os=0.8837",
2026-05-25 22:27:45,221,ok,162.472382,3.139882e+00,2.000000,30.628905,24.495304,4.712989,9.359002,1.644260,0.263109,"obj0: ls=[0.8166, 0.5255, 0.7993, 0.2031, 0.1859, 0.9155, 0.6144] os=1.125 | obj1: ls=[0.7975, 1.2499, 1.4937, 1.1407, 0.43, 1.4659, 0.7614] os=0.8837",
2026-05-25 22:27:45,222,ok,162.472382,3.139882e+00,2.000000,33.306316,22.247927,4.262872,6.871801,0.082454,0.000000,"obj0: ls=[0.8166, 0.5255, 0.7993, 0.2031, 0.1859, 0.9155, 0.6144] os=1.125 | obj1: ls=[0.7975, 1.2499, 1.4937, 1.1407, 0.43, 1.4659, 0.7614] os=0.8837",
2026-05-26 02:06:33,223,ok,162.472382,3.229999e+00,2.000000,32.340178,26.000000,4.154495,6.472750,1.669317,0.000000,"obj0: ls=[0.816, 0.5496, 0.8105, 0.2028, 0.1843, 0.9512, 0.6098] os=1.124 | obj1: ls=[0.795, 1.2627, 1.508, 1.1424, 0.4302, 1.4949, 0.761] os=0.8837",
2026-05-26 02:06:33,224,ok,162.472382,3.229999e+00,2.000000,31.414721,26.000000,4.174452,6.852149,0.511416,0.073341,"obj0: ls=[0.816, 0.5496, 0.8105, 0.2028, 0.1843, 0.9512, 0.6098] os=1.124 | obj1: ls=[0.795, 1.2627, 1.508, 1.1424, 0.4302, 1.4949, 0.761] os=0.8837",
2026-05-26 02:06:33,225,ok,162.472382,3.229999e+00,2.000000,33.554486,25.419959,4.152749,6.953356,1.034895,0.122932,"obj0: ls=[0.816, 0.5496, 0.8105, 0.2028, 0.1843, 0.9512, 0.6098] os=1.124 | obj1: ls=[0.795, 1.2627, 1.508, 1.1424, 0.4302, 1.4949, 0.761] os=0.8837",
2026-05-26 05:43:32,226,ok,164.540966,3.225434e+00,2.000000,32.507322,24.312540,4.298338,7.083828,1.512995,0.081843,"obj0: ls=[0.8168, 0.5731, 0.8135, 0.1986, 0.1841, 0.9791, 0.6126] os=1.124 | obj1: ls=[0.7918, 1.2921, 1.5169, 1.1442, 0.4298, 1.5255, 0.7545] os=0.8829",
2026-05-26 05:43:32,227,ok,164.540966,3.225434e+00,2.000000,34.256952,22.576361,4.150230,6.745116,0.906816,0.010896,"obj0: ls=[0.8168, 0.5731, 0.8135, 0.1986, 0.1841, 0.9791, 0.6126] os=1.124 | obj1: ls=[0.7918, 1.2921, 1.5169, 1.1442, 0.4298, 1.5255, 0.7545] os=0.8829",
2026-05-26 05:43:32,228,ok,164.540966,3.225434e+00,2.000000,32.471959,26.000000,4.130141,6.431851,1.560597,0.199123,"obj0: ls=[0.8168, 0.5731, 0.8135, 0.1986, 0.1841, 0.9791, 0.6126] os=1.124 | obj1: ls=[0.7918, 1.2921, 1.5169, 1.1442, 0.4298, 1.5255, 0.7545] os=0.8829",
2026-05-26 09:17:26,229,ok,164.580864,3.451865e+00,2.000000,32.545964,26.000000,4.017309,6.514186,1.385863,0.149931,"obj0: ls=[0.8191, 0.5803, 0.8138, 0.1948, 0.183, 0.9996, 0.6327] os=1.124 | obj1: ls=[0.7889, 1.318, 1.5207, 1.1453, 0.4296, 1.5548, 0.7544] os=0.8834",
2026-05-26 09:17:26,230,ok,164.580864,3.451865e+00,2.000000,33.111515,26.000000,4.192154,6.399818,1.276246,0.254350,"obj0: ls=[0.8191, 0.5803, 0.8138, 0.1948, 0.183, 0.9996, 0.6327] os=1.124 | obj1: ls=[0.7889, 1.318, 1.5207, 1.1453, 0.4296, 1.5548, 0.7544] os=0.8834",
2026-05-26 09:17:26,231,ok,164.580864,3.451865e+00,2.000000,31.520745,26.000000,4.150777,6.222933,1.931294,0.171199,"obj0: ls=[0.8191, 0.5803, 0.8138, 0.1948, 0.183, 0.9996, 0.6327] os=1.124 | obj1: ls=[0.7889, 1.318, 1.5207, 1.1453, 0.4296, 1.5548, 0.7544] os=0.8834",
2026-05-26 12:52:03,232,ok,164.731630,3.276838e+00,2.000000,32.288293,26.000000,4.129440,6.607649,1.956406,0.193272,"obj0: ls=[0.8191, 0.5882, 0.8067, 0.1923, 0.1834, 1.0312, 0.638] os=1.121 | obj1: ls=[0.787, 1.3257, 1.5198, 1.1444, 0.43, 1.5803, 0.7675] os=0.8867",
2026-05-26 12:52:03,233,ok,164.731630,3.276838e+00,2.000000,31.414005,26.000000,4.136499,6.482696,1.448806,0.213955,"obj0: ls=[0.8191, 0.5882, 0.8067, 0.1923, 0.1834, 1.0312, 0.638] os=1.121 | obj1: ls=[0.787, 1.3257, 1.5198, 1.1444, 0.43, 1.5803, 0.7675] os=0.8867",
2026-05-26 12:52:03,234,ok,164.731630,3.276838e+00,2.000000,32.467457,26.000000,4.210984,6.185017,1.582055,0.140445,"obj0: ls=[0.8191, 0.5882, 0.8067, 0.1923, 0.1834, 1.0312, 0.638] os=1.121 | obj1: ls=[0.787, 1.3257, 1.5198, 1.1444, 0.43, 1.5803, 0.7675] os=0.8867",
2026-05-26 16:26:12,235,ok,164.731630,3.124084e+00,2.000000,32.442898,26.000000,4.190547,6.444964,1.526788,0.164272,"obj0: ls=[0.8209, 0.5976, 0.8055, 0.1903, 0.1841, 1.0568, 0.6392] os=1.12 | obj1: ls=[0.7836, 1.3578, 1.5174, 1.1482, 0.4318, 1.6144, 0.7611] os=0.8871",
2026-05-26 16:26:12,236,ok,164.731630,3.124084e+00,2.000000,32.933776,26.000000,4.076829,5.955348,1.872726,0.187164,"obj0: ls=[0.8209, 0.5976, 0.8055, 0.1903, 0.1841, 1.0568, 0.6392] os=1.12 | obj1: ls=[0.7836, 1.3578, 1.5174, 1.1482, 0.4318, 1.6144, 0.7611] os=0.8871",
2026-05-26 16:26:12,237,ok,164.731630,3.124084e+00,2.000000,31.491721,26.000000,4.133011,5.534398,1.702195,0.080230,"obj0: ls=[0.8209, 0.5976, 0.8055, 0.1903, 0.1841, 1.0568, 0.6392] os=1.12 | obj1: ls=[0.7836, 1.3578, 1.5174, 1.1482, 0.4318, 1.6144, 0.7611] os=0.8871",
